brand,description,head,id,product_name
,,,,Ultraliner De Laval 06 Shell 01U-LT Milker Inflations -
Milkrite,"Fits DeLaval 06 Shell-01U-LT: High-capacity 01U round, standard wall liner fits DeLaval shell. ",Ultraliner De Laval 06 Shell 01U-LT Milker Inflations,11357,Ultraliner De Laval 06 Shell 01U-LT Milker Inflations -
,,,,Men's Rancher Boots -
,,,,Men's Rancher Boots -
,,,,Men's Rancher Boots -
,,,,Men's Rancher Boots -
,,,,Men's Rancher Boots -
,,,,Men's Rancher Boots -
,,,,Men's Rancher Boots -
,,,,Men's Rancher Boots -
,,,,Men's Rancher Boots -
,,,,Men's Rancher Steel Toe -
BOGS,"Built for comfort and handmade with natural rubber and neoprene. Warm, water-proof and gives you all-day comfort. Over-the-foot boot is comfort rated to -40°F. Heel kick for easy hands-free removal...",Men's Rancher Boots,14635,Men's Rancher Steel Toe -
,,,,Rancher Winter Lined Gloves -
,,,,Rancher Winter Lined Gloves -
,,,,Rancher Winter Lined Gloves -
,,,,Rancher Winter Lined Gloves -
,,,,Rancher Winter Lined Gloves -
,,,,Rancher Winter Lined Gloves -
SSG,"Made from North American deerskin leather, SSG Rancher Winter Lined Gloves are ideal for roping and riding. Provide comfort, durability, chafe resistance and breathability. Feature a gun-cut finger...",Rancher Winter Lined Gloves,14698,Rancher Winter Lined Gloves -
,,,,Kid's Classic High-Cut Boots -
,,,,Kid's Classic High-Cut Boots -
,,,,Kid's Classic High-Cut Boots -
,,,,Kid's Classic High-Cut Boots -
,,,,Kid's Classic High-Cut Boots -
,,,,Kid's Classic High-Cut Boots -
,,,,Kid's Classic High-Cut Boots -
,,,,Kid's Classic High-Cut Boots -
,,,,Kid's Classic High-Cut Boots -
,,,,Kid's Classic High-Cut Boots -
,,,,Kid's Classic High-Cut Boots -
,,,,Kid's Classic High-Cut Boots -
,,,,Kid's Classic High-Cut Boots -
,,,,Kid's Classic High-Cut Boots with Handle -
BOGS,"Built for comfort and are handmade with natural rubber and neoprene. They're warm, waterproof and give you all-day comfort. Over-the-foot boot is comfort rated to -30°F. DuraFresh bio-technology ac...",Kid's Classic High-Cut Boots,14630,Kid's Classic High-Cut Boots with Handle -
,,,,Orbeseal Dry Cow Teat Sealant -
Zoetis,"For use in dry cows as an aid in the prevention of new intramammary infections throughout the dry period. Antibiotic-free paste provides a malleable barrier in the teat canal, reducing the incidenc...",Orbeseal Dry Cow Teat Sealant,12832,Orbeseal Dry Cow Teat Sealant -
,,,,Calf Nursing Pail -
,,,,Calf Nursing Pail Replacement Part -
,,,,Calf Nursing Pail Replacement Part -
,,,,Calf Nursing Pail Replacement Part -
Miller Little Giant,"Complete with hanger bracket, nipple and valve assembly. 8 quart capacity.",Calf Nursing Pail,11718,Calf Nursing Pail Replacement Part -
,,,,Iodine Wound Spray Topical Antiseptic -
,,,,Iodine Wound Spray Topical Antiseptic -
AgriLabs,"Topical antiseptic for use on horses, cattle, swine and sheep prior to surgical procedures such as castrating and docking; for application to the navel of newborn animals; and to aid in the treatme...",Iodine Wound Spray Topical Antiseptic,11137,Iodine Wound Spray Topical Antiseptic -
,,,,DuraFlex Plastic Pail -
,,,,DuraFlex Plastic Pail -
,,,,DuraFlex Plastic Pail -
,,,,DuraFlex Plastic Pail -
,,,,DuraFlex Plastic Pail -
,,,,DuraFlex Plastic Pail -
,,,,DuraFlex Plastic Pail -
,,,,DuraFlex Plastic Pail -
,,,,DuraFlex Plastic Pail -
,,,,DuraFlex Plastic Pail -
,,,,DuraFlex Plastic Pail -
,,,,DuraFlex Plastic Pail -
,,,,DuraFlex Plastic Pail -
,,,,DuraFlex Plastic Pail -
Miller Little Giant,"One-piece construction with low, wide profile. Impact resistant, polyethylene resin protects against warpage and helps prevent stress cracks. Measures 11-1/2"" diameter, 8-1/2""H. 8 quarts (2 gallons...",DuraFlex Plastic Pail,11771,DuraFlex Plastic Pail -
,,,,CORID 9.6% Oral Solution Coccidiostat for Calves -
,,,,CORID 9.6% Oral Solution Coccidiostat for Calves -
,,,,CORID 20% Soluble Powder -
Huvepharma,Aids in the treatment and prevention of bloody scours caused by Eimeria bovis and E. zurnii in calves. Palatable and readily accepted by cattle. Safe when administered at the recommended dose. Easy...,CORID 9.6% Oral Solution Coccidiostat for Calves,11066,CORID 20% Soluble Powder -
,,,,Calf Nursing Pail -
,,,,Calf Nursing Pail Replacement Part -
,,,,Calf Nursing Pail Replacement Part -
,,,,Calf Nursing Pail Replacement Part -
Miller Little Giant,"Complete with hanger bracket, nipple and valve assembly. 8 quart capacity.",Calf Nursing Pail,11718,Calf Nursing Pail Replacement Part -
