[
{"head": ["Pyranha Stock Guard Concentrate Fly Control"], "brand": ["Pyranha"], "id": ["16451"], "description": ["Livestock and premise concentrate contains 10% permethrin and 10% piperonyl butoxide. For use in automatic spray systems in beef and dairy barns, horse barns, milking parlors, swine housing, poultr..."]},
{"head": ["Pyranha Wipe N' Spray Fly Spray for Horses"], "brand": ["Pyranha"], "id": ["12729"], "description": ["Provides easy, effective and convenient fly protection for horses. Combination of repellent and natural pyrethrin provides a quick kill of stable, horse, face, deer, house and horn flies, mosquitoe..."]},
{"head": ["Ultra Boss Pour-On Insecticide"], "brand": ["Merck Animal Health"], "id": ["12082"], "description": ["Controls horn flies for up to 8 weeks; provides season-long (January to April) lice control with one application. Also controls face flies. For use on lactating and non-lactating dairy cattle, beef..."]},
{"head": ["Hawk Rat, Mouse and Meadow Vole Bait"], "brand": ["Motomco"], "id": ["13214"], "description": ["Contain 0.005% bromadiolone.\u00a0Even controls warfarin-resistant \"super rats.\" Highly weatherable and ideal for use indoors and outdoors.\u00a0Premeasured 1.5 oz Pellet Place Pacs help keep bait fresh. 1 o..."]},
{"head": ["Equiderma Neem & Aloe Herbal Horse Spray"], "brand": ["EQUIDERMA"], "id": ["18323"], "description": ["For use on humans, horses and all barnyard animals. Helps provide protection against biting insects. Essential oils help protect the skin from fungal and bacterial issues.\u00a0Contains steeped neem lea..."]},
{"head": ["Blaster Essential Oil Horse Spray"], "brand": ["Finish Line Horse Products, Inc."], "id": ["13334"], "description": ["Effective combination of 7 natural oils in water soluble base helps \r\npromote healthy skin. Gentle and safe for sensitive skin. Concentrate allows you to control strength of \r\nspray by mixing it wh..."]},
{"head": ["Prozap Insectrin Dust"], "brand": ["Prozap"], "id": ["11419"], "description": ["For the control of horn flies, lice and face flies on beef and dairy cattle and horses; lice on swine; northern fowl mites on poultry; fleas, ticks and lice on dogs and cats. Contains 0.25% permeth..."]},
{"head": ["Pyranha Pyrethrin Shampoo for Horses, Dogs & Cats"], "brand": ["Pyranha"], "id": ["13031"], "description": ["Offers fly control and cleaning power all in one! Insecticidal shampoo \r\nrich in coconut conditioners that aid in building body, luster and \r\ngroomability to animal's coat. Controls stable, horse, ..."]},
{"head": ["Revenge Snap Mouse and Rat Traps"], "brand": ["Revenge"], "id": ["12771"], "description": ["Just add bait and engage locking\r\n bar. Snap Traps feature 4-way release mechanism. Disposable. Mouse Traps measure 4\"L, sold in package of 2; Rat Trap is 7\"L, sold \r\nindividually."]},
{"head": ["Bronco-e Equine Fly Spray"], "brand": ["Farnam"], "id": ["13685"], "description": ["Ready-to-use insecticide and repellent for use on horses, ponies, foals and premises. Non-oily \r\nformula may be used as spray or wipe. Kills and repels stable, horse, face, deer, house and horn fli..."]},
{"head": ["Spartan Mosquito Eradicator"], "brand": ["Spartan Mosquito"], "id": ["17528"], "description": ["Uniquely effective, long-lasting, do-it-yourself continuous mosquito control system. Deploy eradicators when weather begins to warm to create a barrier, giving mosquitoes a target that emits the sa..."]},
{"head": ["Live Animal Trap"], "brand": ["Miller Little Giant"], "id": ["12764"], "description": ["Single door live animal traps are manufactured from heavy-duty galvanized wire mesh with steel reinforcement. Spring-loaded door, protected handle and automatic locking system provide safety for an..."]},
{"head": ["Ramik Rat, Mouse and Snake Glue Trap Trays"], "brand": ["Neogen Corporation"], "id": ["14250"], "description": ["Disposable, professional strength plastic tray glue traps feature special scented formula to attract rodents.\u00a0Traps rats,\u00a0mice and snakes. Measure 5-1/4\" x 10-1/2\". Ideal for use on floor against b..."]},
{"head": ["Just One Bite II Rat and Mouse Bait"], "brand": ["Farnam"], "id": ["14258"], "description": ["May be used in and around agricultural buildings only. Rats and mice may consume a lethal dose in one feeding with first dead rodents appearing 4-5 days after feeding begins. Do not place in areas ..."]},
{"head": ["Tomcat Rat and Mouse Bait"], "brand": ["Motomco"], "id": ["12152"], "description": ["Multiple-feeding bait for control of Norway rats, roof rats, mice and meadow voles in and around homes, commercial and agricultural buildings. Tomcat kills rodents in just 4-6 days. Contains 0.005%..."]},
{"head": ["Ultra Shield EX Horse Insecticide and Repellent"], "brand": ["Absorbine"], "id": ["13874"], "description": ["Weatherproof, sweat-resistant formula kills and repels biting and nuisance flies, gnats, ticks and mosquitoes. Stays active for up to 17 days. Non-oily, water-based repellent is pleasantly scented ..."]},
{"head": ["Bug Check Feed Thru Fly Control Supplement for Animals"], "brand": ["Natural Horse Vet"], "id": ["14735"], "description": ["An oral, chemical-free feed supplement for natural insect control in horses, cattle, alpacas, sheep and goats. Helps reduce fly problems and enhance the animal's coat.Promotes and maintains healthy..."]},
{"head": ["Endure Fly Control for Horses"], "brand": ["Farnam"], "id": ["12258"], "description": ["Endure\r\n fly spray for horses provides repellency, quick knockdown and \r\nlong-lasting protection against horse, house, stable, face, horn, and \r\ndeer flies, gnats and mosquitoes. Also protects from..."]},
{"head": ["Repel-X pe Horse Fly Spray"], "brand": ["Farnam"], "id": ["11350"], "description": ["Emulsifiable fly spray to be mixed with water for direct \r\napplication to horses and ponies. Provides protection from biting and \r\nbloodsucking flies, gnats and mosquitoes; repels horn, stable, hor..."]},
{"head": ["Durvet POWER Fly Spray & Wipe"], "brand": ["Pyranha"], "id": ["15594"], "description": ["Effective, ready-to-use aqueous base formulation repels and kills horse flies, other flies, mosquitoes, blacklegged ticks and Lone Star ticks including ticks that may cause Lyme disease. Non-oily s..."]}
][
{"head": ["Pyranha Stock Guard Concentrate Fly Control"], "brand": ["Pyranha"], "id": ["16451"], "description": ["Livestock and premise concentrate contains 10% permethrin and 10% piperonyl butoxide. For use in automatic spray systems in beef and dairy barns, horse barns, milking parlors, swine housing, poultr..."]},
{"head": ["Revenge Snap Mouse and Rat Traps"], "brand": ["Revenge"], "id": ["12771"], "description": ["Just add bait and engage locking\r\n bar. Snap Traps feature 4-way release mechanism. Disposable. Mouse Traps measure 4\"L, sold in package of 2; Rat Trap is 7\"L, sold \r\nindividually."]},
{"head": ["Pyranha Pyrethrin Shampoo for Horses, Dogs & Cats"], "brand": ["Pyranha"], "id": ["13031"], "description": ["Offers fly control and cleaning power all in one! Insecticidal shampoo \r\nrich in coconut conditioners that aid in building body, luster and \r\ngroomability to animal's coat. Controls stable, horse, ..."]},
{"head": ["Ultra Boss Pour-On Insecticide"], "brand": ["Merck Animal Health"], "id": ["12082"], "description": ["Controls horn flies for up to 8 weeks; provides season-long (January to April) lice control with one application. Also controls face flies. For use on lactating and non-lactating dairy cattle, beef..."]},
{"head": ["Hawk Rat, Mouse and Meadow Vole Bait"], "brand": ["Motomco"], "id": ["13214"], "description": ["Contain 0.005% bromadiolone.\u00a0Even controls warfarin-resistant \"super rats.\" Highly weatherable and ideal for use indoors and outdoors.\u00a0Premeasured 1.5 oz Pellet Place Pacs help keep bait fresh. 1 o..."]},
{"head": ["Red-Kote Antiseptic Wound Dressing"], "brand": ["Dr. Naylor"], "id": ["11010"], "description": ["Scarlet red oil antiseptic wound dressing for horses and dogs provides fast, safe healing of lacerations, cuts, scratches, burns and other superficial wounds. Non-drying, soothing, softening, prote..."]},
{"head": ["Nemex-2 Liquid Dog Dewormer"], "brand": ["Zoetis"], "id": ["11264"], "description": ["For the removal and control of large roundworms and hookworms in puppies and dogs. Contains 4.54 mg pyrantel pamoate per ml. Dosage: 1 teaspoon (5 ml) per 10 lbs body weight administered undiluted ..."]},
{"head": ["Mane 'n Tail Hoofmaker Hand & Nail Therapy"], "brand": ["Mane 'N Tail"], "id": ["12164"], "description": ["Originally developed for horses to moisturize dry, cracked, brittle hooves. Also use as a greaseless lotion for people to moisturize dry, cracked skin on hands, feet and other areas of the body. Fo..."]},
{"head": ["Cosequin DS Maximum Strength Plus MSM & Omega-3's Joint Supplement"], "brand": ["Cosequin"], "id": ["17446"], "description": ["Tasty, easy-to-administer supplement helps support and maintain mobility, joint health and cartilage. Helps keep healthy dogs active so they can climb stairs, rise and jump.\u00a0Each chewable tablet co..."]},
{"head": ["Smooth Finish Classic Boot Sox"], "brand": ["Epona"], "id": ["18795"], "description": ["Powder-smooth, cool and silky to touch. Ultra-durable stretch socks are the go-to choice for all occasions. One size fits most adults. \r\n\r\nAssorted colors may include purple, green and blue."]},
{"head": ["Enclosed Plastic Feed Scoop"], "brand": ["Miller Little Giant"], "id": ["16016"], "description": ["Made of heavy-duty polypropylene for long life. Durable plastic design keeps feed contained while scooping. Features built-in graduation marks for easy measuring. Flat bottom allows scoop to be set..."]},
{"head": ["Pierce's Nu-Stock Wound Cream"], "brand": ["Nu-Stock"], "id": ["13518"], "description": ["Provides relief of red mange, ringworm, ear mites, bruises, burns, tender hooves and more. Safe for all animals.Contains 73% sulfur, 25% mineral oil and 2% pine oil; no steroids. Apply to affected ..."]},
{"head": ["Fishbiotic Amoxicillin Antibiotic"], "brand": ["Fishbiotic"], "id": ["16077"], "description": ["Directions: 1 cap or tab per 10 gal water dissolved in tank every other day for 5 days. Repeat 5 day treatment after 3 days if necessary. Contain 500 mg amoxicillin."]},
{"head": ["Monoject Disposable Poly Hub Needle"], "brand": ["Monoject"], "id": ["11238"], "description": ["Wings at luer lock flange assure perfect fit on all syringes.Packaged in a rigid, color-coded cartridge:\r\nGreen = 18 gauge\r\nLight Green = 19 gauge\r\nPink = 20 gauge\r\nBlue = 22 gauge\r\nSold individual..."]},
{"head": ["Sharptemp V Large Animal Digital Thermometer"], "brand": ["Cotran Corporation"], "id": ["14213"], "description": ["Features wide, easy-to-read screen and nylon lanyard to keep\r\n it handy. \"Normal\" temperatures for cattle, pigs, sheep, horses and \r\ndogs listed on back of display. Packaged in hard plastic case. 5..."]},
{"head": ["EquiMAX Horse Dewormer Paste"], "brand": ["Bimeda"], "id": ["12532"], "description": ["Contains 1.87% ivermectin and 14.03% praziquantel. For use in foals, mares, including pregnant and lactating mares, ponies and breeding stallions. For the treatment and control of tapeworms, large ..."]},
{"head": ["No Thrush for Horses"], "brand": ["No Thrush"], "id": ["14314"], "description": ["A powder treatment that attacks active thrush in 4-7 days and eliminates moisture where it hides. Safe, all-natural formula of mineral salts and clays attacks bacteria, absorbs moisture and draws t..."]},
{"head": ["Thrush Rid for Horses"], "brand": ["Durvet"], "id": ["15327"], "description": ["Works against horse thrush and aids in prevention. Helps toughen soles and can be used under pads. Purple color shows where product is working. Just reapply as needed where color is faded.Contains ..."]},
{"head": ["Buckeye Nutrition Apple Snaps Treats"], "brand": ["Buckeye Nutrition"], "id": ["13913"], "description": ["All-natural, handy, disc-shaped treats are highly \r\ndigestible, tasty, healthy rewards for horses of all ages. Plus, there\u2019s\r\n no sugar added! Feeding directions: up to 1/2 lb daily per horse. Not ..."]},
{"head": ["DMSO Dimethyl Sulfoxide"], "brand": ["Valhoma Corporation"], "id": ["12454"], "description": ["For use as an industrial solvent only. Not approved for human use.Contains 99% pure dimethyl sulfoxide"]},
{"head": ["Hydra Sponges"], "brand": ["Hydra Sponge Co."], "id": ["12232"], "description": ["Tremendous water-holding capacity - wash out clean, dry soft and pliable, and are uniform in size. Super absorbent, never harden and have a polyester base for durability. Can be sterilized by boili..."]},
{"head": ["Leather New Easy-Polishing Liquid Glycerine Saddle Soap"], "brand": ["Farnam"], "id": ["11112"], "description": ["Cleans, conditions and polishes in one easy step. Softens and preserves leather, leaving a long-lasting, high-gloss shine. Won't dull or stain leather or rub off onto clothes. Easy to apply to hard..."]},
{"head": ["Fiebing's 100% Pure Neatsfoot Oil Leather Preserver"], "brand": ["Fiebing's"], "id": ["11019"], "description": ["Use before exposure to repel water and protect against stiffening. Use after exposure as a restorative to soften dried out leather. Recommended for saddlery, gun cases, boots, moccasins, shoes, bas..."]},
{"head": ["Mrs. Pastures Natural Horse Treat Cookies"], "brand": ["Mrs. Pastures Cookies for Horses"], "id": ["12388"], "description": ["Quality all-natural horse treats contain oats, wheat bran, cane molasses, rolled barley, fresh apples and water, with no preservatives or additives. Cookies are dehydrated (not baked), making them ..."]},
{"head": ["4\" Vetrap Bandaging Tape"], "brand": ["3M"], "id": ["11422"], "description": ["Dependable tape will not loosen with time and activity. Initial wrapping must be comfortable for the animal. End will stay in place without clips or tape. Each roll measures 4\" x 5 yards."]},
{"head": ["Super Bands"], "brand": ["Horse Grooming Solutions"], "id": ["13446"], "description": ["Made of quality, natural rubber. Strong and tough enough for the harshest show sprays. Approximately 1,300-1,400 per 1/4 lb jar."]},
{"head": ["Jolly Ball for Horses"], "brand": ["Jolly Pets"], "id": ["12567"], "description": ["This unique toy cannot be destroyed by a puncture or bite. Revolutionary polyethylene material inflates without air. Reduces stress and boredom of animal. Available in large (10\") for horses."]},
{"head": ["Cowboy Magic Detangler & Shine"], "brand": ["Cowboy Magic"], "id": ["11815"], "description": ["Truly detangles tail hair instantly and keeps it that way for days. Contains silk protein and panthenol for a great shine and pure conditioning. Can be used on wet or dry hair, knots and tangles. W..."]},
{"head": ["Belvoir Leather Tack Cleaner Spray"], "brand": ["Carr & Day & Martin"], "id": ["14978"], "description": ["Gently lifts ingrained grease, sweat and dirt so you can easily wipe away all that grime. No need to scrub, soak or scrape before conditioning your tack anymore!Antifungal ingredients help prevent ..."]},
{"head": ["Buckeye Nutrition Peppermint Bits Treats"], "brand": ["Buckeye Nutrition"], "id": ["13911"], "description": ["All\u2013natural, handy, disc-shaped treats are highly digestible, tasty, healthy rewards for horses of all ages. Plus, there\u2019s no sugar added! Feeding directions: up to 1/2 lb daily per horse. Not inte..."]},
{"head": ["Tiger's Tongue Horse Groomer"], "brand": ["Epona"], "id": ["17375"], "description": ["Flexible scrubber with a stimulating effect. Superb cleaning features: swipes dirt off without dust clouds, cleans white markings, buffs hoof walls, erases sweat marks. Black."]},
{"head": ["The German Horse Muffin Horse Treats"], "brand": ["Equus Magnificus, Inc."], "id": ["15528"], "description": ["Sweet and chewy indulgence for horses made from fresh, all-natural ingredients. The German Horse Muffin's founder was born and raised in Germany, and perfected the German recipe here in the USA. Ea..."]},
{"head": ["Canter Mane & Tail Conditioner Original Formula"], "brand": ["Carr & Day & Martin"], "id": ["15587"], "description": ["Keeps manes and tails sleek, tangle-free and luxuriously soft. Gives an immaculate, oil-free shine. This award-winning, long-lasting conditioner reduces breakage through minimizing the need to brus..."]},
{"head": ["Rubber Flatback Bucket"], "brand": ["Miller Little Giant"], "id": ["11398"], "description": ["Flat back saves space by firmly resting against wall. Measures 15\"L by 15.5\"W by 12\"H. Holds 18 quarts (4.5 gallons). Black."]},
{"head": ["Cowboy Magic Rosewater Shampoo"], "brand": ["Cowboy Magic"], "id": ["11975"], "description": ["Herbal blend helps restore moisture, adds silky shine and makes hair easy to manage. Deep-cleaning, cold water sudsing action is easy to rinse out with both cold and warm water. Helps condition and..."]},
{"head": ["Bite Size Nuggets & Wafers for Horses"], "brand": ["Manna Pro"], "id": ["13655"], "description": ["Bite-sized nuggets are the perfect way to reward your horse after a ride or competition. Contain calcium, phosphorus, sodium, copper, zinc, selenium, biotin, folic acid, vitamins & more. Bite-size ..."]},
{"head": ["CoFlex Mixed Case Self Adhesive Bandage"], "brand": ["Andover"], "id": ["12784"], "description": ["Colorpack CoFlex case contains 3 each red, blue, purple, light blue, neon pink and neon green for a total of 18 rolls.Rainbowpack CoFlex case contains 3 each red, blue, purple, white, green and tea..."]},
{"head": ["ShowSheen Showring Shine Hair Polish & Detangler"], "brand": ["Absorbine"], "id": ["11094"], "description": ["Enriched with pro-vitamins and silk proteins to help strengthen and promote longer hair, and help improve and revitalize appearance. Produces the finest showring shine on coat, mane and tail that l..."]},
{"head": ["The Original Itchin' Post Animal Grooming Pad"], "brand": ["Itchin Post"], "id": ["13648"], "description": ["All animals itch and they'll use whatever is in the pasture or barn to get relief. Rubbing against fence posts, sharp metal corners, exposed bolts and rusty nails may relieve the itch, but it can a..."]},
{"head": ["SleekEZ Ultimate Deshedding Grooming Tool"], "brand": ["SleekEZ"], "id": ["16372"], "description": ["Comb designed with unique, exclusive, patented, wave tooth pattern created to be used on a variety of coats \u2013 from fine to coarse, long to short. Tool's teeth grab tips of hair rather than base of ..."]},
{"head": ["Bute-Less Horse Supplement"], "brand": ["Absorbine"], "id": ["12340"], "description": ["Joint supplement for horses delivers a supplemental source of vitamin B12, with yucca and devils claw extract. Considered a natural alternative to bute. The Horse Journal found a 1 oz serving Solut..."]},
{"head": ["Ichthammol 20% for Horses"], "brand": ["Hawthorne"], "id": ["16827"], "description": ["External emollient aids healing horse wounds, chaps, chronic skin infections, eczema, boils, abscesses and as drawing salve. Effective for drawing infection or debris from wound or hoof. When treat..."]},
{"head": ["Strongid Paste Horse Dewormer (Pyrantel Pamoate)"], "brand": ["Zoetis"], "id": ["11201"], "description": ["Deworming paste for use in horses and foals for the removal and control of mature infections of large strongyles, small strongyles, pinworms and large roundworms.\r\nContains 43.9% pyrantel pamoate.D..."]},
{"head": ["Animalintex Poultice Pad"], "brand": ["3M"], "id": ["12033"], "description": ["Poultice Pad - Antiseptic poultice and dressing works as a hot poultice for abscesses, boils, infected/dirty wounds, cracked heels, thorns, laminitis, seedy toe, corns; works as a cold poultice for..."]},
{"head": ["Co-Flex Self Adhesive Bandage"], "brand": ["Andover"], "id": ["11794"], "description": ["Economical, high quality, comfortable, controlled compression bandage. Co-Flex wraps easily and adheres only to itself. Energy absorbing, abrasion resistant and non-slip support. Each roll measures..."]},
{"head": ["Mare Magic Calming Supplement"], "brand": ["Solid Ideas"], "id": ["12416"], "description": ["Palatable, herbal supplement to help influence a quiet disposition in horses. Also helps support a healthy reproductive system in mares. Contains raspberry leaf. Will not test. For best results, fe..."]},
{"head": ["dac Oil Horse Supplement"], "brand": ["Dac Direct Action Company"], "id": ["12722"], "description": ["Provides a balanced blend of vegetable and fish oils that\r\ncan be fed to all classes of horses. Ingredients help improve overall skin and\r\ncoat quality as well as providing additional calories to a..."]},
{"head": ["4\" Vetrap Bandaging Tape"], "brand": ["3M"], "id": ["11422"], "description": ["Dependable tape will not loosen with time and activity. Initial wrapping must be comfortable for the animal. End will stay in place without clips or tape. Each roll measures 4\" x 5 yards."]},
{"head": ["UlcerGard (Omeprazole) Oral Paste for Horses"], "brand": ["Merial"], "id": ["12812"], "description": ["Preparing your horse for the next big event? Guard against equine ulcers with Merial UlcerGard ulcer prevention for horses. Competition-related stress - confinement, training, traveling and perform..."]},
{"head": ["Quest Plus Horse Dewormer Gel"], "brand": ["Zoetis"], "id": ["13274"], "description": ["Contains 20 mg moxidectin and 125 mg praziquantel for use in horses and ponies over 6 months of age for the treatment and control of large and small strongyles, pinworms, ascarids, hairworms, stoma..."]},
{"head": ["CocoSoya for Horses"], "brand": ["Uckele"], "id": ["13863"], "description": ["Natural source of antioxidant protected fatty acids to support healthy skin and coat. Rich in omega-3, -6 and -9. Cool fuel source for hard keepers. Replacement for refined corn and vegetable oils...."]},
{"head": ["HEIRO for Horses"], "brand": ["HEIRO"], "id": ["10002"], "description": ["\r\n\r\n\r\n\r\n\r\n\r\n\r\n\r\n\r\n\r\n\r\n\r\n\r\n\r\n\r\n\r\n\r\n\r\n\r\nHorse have chronic foot pain? Can't be on pasture? Help horses with HEIRO - a proprietary blend of 8 tasty\r\nherbs, vitamin E and magnesium to safely and natura..."]},
{"head": ["Farrier's Formula Double Strength Hoof and Coat Supplement for Horses"], "brand": ["Life Data Labs, Inc."], "id": ["13659"], "description": ["Equine hoof supplement provides nutrients horses need to build strong structural and connective tissue proteins important for healthy hoof structure. Within two weeks of feeding Farrier's Formula, ..."]},
{"head": ["Probios Multi-Species Dispersible Powder"], "brand": ["Probios"], "id": ["11204"], "description": ["Dispersible powder with probiotics for all species. Daily use helps support microbial balance. Complements current feeding program. Each gm contains not less than 10 million CFUs lactic acid bacter..."]},
{"head": ["Cosequin ASU Joint Supplement for Horses"], "brand": ["Cosequin"], "id": ["13435"], "description": ["Goes above and beyond traditional glucosamine/chondroitin support. Combines exclusive Cosequin proprietary blend with avocado/soybean unsaponifiables (ASU) and MSM for professional strength joint s..."]},
{"head": ["100% Pure Garlic Granules for Horses"], "brand": ["Wendals Herbs"], "id": ["12756"], "description": ["Equine herbal supplement. Ideal year-round for horses to help support a healthy immune system, healthy skin and hair coat, healthy respiratory system and so much more. Supplement Garlic Granules in..."]},
{"head": ["Prestige 5+WNV Horse Vaccine"], "brand": ["Merck Animal Health"], "id": ["14154"], "description": ["A combination of inactivated, concentrated, adjuvanted, tissue culture origin equine encephalomyelitis viruses (Eastern and Western), equine herpesviruses types 1 and 4 (EHV-1 and EHV-4), equine in..."]},
{"head": ["HEAVE HO Horse Supplement for Allergies, COPD, Coughing"], "brand": ["HEAVE HO"], "id": ["10004"], "description": ["A natural nutritional horse supplement developed for breathing allergies, COPD and coughing. Helps open airways, clear mucus and stop coughing. A special combination of herbs helps fortify horse\u2019s ..."]},
{"head": ["Hooflex Magic Cushion Hoof Packing"], "brand": ["Absorbine"], "id": ["13671"], "description": ["Proven to provide significant reduction in hoof heat for up to 24 hours, and to help relieve symptoms associated with hoof concussion and trauma. Trusted by top farriers. Contains 26.6% turpentine ..."]},
{"head": ["Hooflex Thrush Remedy Bactericidal and Fungicidal"], "brand": ["Absorbine"], "id": ["11071"], "description": ["Kills and prevents bacteria and fungus that cause thrush and white line disease. Helps eliminate associated odors and promotes normal healing. Features squeeze applicator specially designed to reac..."]},
{"head": ["Kopertox Thrush Treatment"], "brand": ["Zoetis"], "id": ["11141"], "description": ["Recommended as an aid in treating horses and ponies with thrush due to organisms susceptible to copper naphthenate. Contains 37.5% copper naphthenate. Directions: Clean hoof thoroughly, removing de..."]},
{"head": ["White Lightning for Hooves"], "brand": ["Grand Circuit Products LLC"], "id": ["15317"], "description": ["\r\nWhat is White Lightning?\r\n\r\nThe active chlorine dioxide (ClO2) solution, which has been shown to be very aggressive in neutralizing bacteria, fungus and yeast. When combined with equal parts whit..."]},
{"head": ["Hooflex Therapeutic Conditioner for Horses"], "brand": ["Absorbine"], "id": ["11713"], "description": ["Creates a breathable barrier of mineral oil and neatsfoot oil to promote proper moisture balance in all parts of the hoof. Antibacterial and antifungal agents help prevent infection. Conditions the..."]},
{"head": ["Ichthammol 20% for Horses"], "brand": ["Hawthorne"], "id": ["16827"], "description": ["External emollient aids healing horse wounds, chaps, chronic skin infections, eczema, boils, abscesses and as drawing salve. Effective for drawing infection or debris from wound or hoof. When treat..."]},
{"head": ["Fura-Zone Nitrofurazone Ointment for Horses"], "brand": ["Fura-Zone"], "id": ["11207"], "description": ["Water soluble, antibacterial topical ointment aids in the prevention and treatment of surface \r\nbacterial infections of wounds, burns and cutaneous ulcers of horses. May also be used as a sweat. Co..."]},
{"head": ["CoFlex Mixed Case Self Adhesive Bandage"], "brand": ["Andover"], "id": ["12784"], "description": ["Colorpack CoFlex case contains 3 each red, blue, purple, light blue, neon pink and neon green for a total of 18 rolls.Rainbowpack CoFlex case contains 3 each red, blue, purple, white, green and tea..."]},
{"head": ["Absorbine Veterinary Liniment Topical Analgesic"], "brand": ["Absorbine"], "id": ["11015"], "description": ["Aids in the relief of temporary muscular soreness, tendonitis, stiffness and swelling caused by exposure, overwork or exertion. Providing trusted pain relief since 1892, Absorbine Veterinary Linime..."]},
{"head": ["Co-Flex Self Adhesive Bandage"], "brand": ["Andover"], "id": ["11794"], "description": ["Economical, high quality, comfortable, controlled compression bandage. Co-Flex wraps easily and adheres only to itself. Energy absorbing, abrasion resistant and non-slip support. Each roll measures..."]},
{"head": ["Animalintex Poultice Pad"], "brand": ["3M"], "id": ["12033"], "description": ["Poultice Pad - Antiseptic poultice and dressing works as a hot poultice for abscesses, boils, infected/dirty wounds, cracked heels, thorns, laminitis, seedy toe, corns; works as a cold poultice for..."]},
{"head": ["Keratex Hoof Hardener"], "brand": ["Keratex"], "id": ["13477"], "description": ["Gentle formula that strengthens weak, worn and cracked hooves by improving the molecular structure of the existing horn. Changes the structure of hoof proteins, making them more rigid, and the over..."]},
{"head": ["4\" Vetrap Bandaging Tape"], "brand": ["3M"], "id": ["11422"], "description": ["Dependable tape will not loosen with time and activity. Initial wrapping must be comfortable for the animal. End will stay in place without clips or tape. Each roll measures 4\" x 5 yards."]},
{"head": ["Thrush Buster"], "brand": ["Mustad"], "id": ["12346"], "description": ["Single application thrush treatment lasts up to 8 days, even in the wettest, muddiest terrain. Relieves the agonizing, crippling effects of thrush while reducing the chance of reinfection. Creates ..."]},
{"head": ["SORE NO-MORE Liniment"], "brand": ["Sore-No-More"], "id": ["13070"], "description": ["Extremely effective for legs and body, and gentle for the most sensitive skin. Contains a proprietary extract of witch hazel bark and leaves with arnica, rosemary, lavender and lobelia. No harsh ch..."]},
{"head": ["Farrier's Formula Double Strength Hoof and Coat Supplement for Horses"], "brand": ["Life Data Labs, Inc."], "id": ["13659"], "description": ["Equine hoof supplement provides nutrients horses need to build strong structural and connective tissue proteins important for healthy hoof structure. Within two weeks of feeding Farrier's Formula, ..."]},
{"head": ["SandClear Natural Psyllium Crumbles"], "brand": ["Farnam"], "id": ["11669"], "description": ["Easy-to-feed crumbles recommended by veterinarians to support the removal of sand and dirt from the ventral colon of horses. Supplemental source of dietary fiber is ideal for horses that graze or e..."]},
{"head": ["HEIRO for Horses"], "brand": ["HEIRO"], "id": ["10002"], "description": ["\r\n\r\n\r\n\r\n\r\n\r\n\r\n\r\n\r\n\r\n\r\n\r\n\r\n\r\n\r\n\r\n\r\n\r\n\r\nHorse have chronic foot pain? Can't be on pasture? Help horses with HEIRO - a proprietary blend of 8 tasty\r\nherbs, vitamin E and magnesium to safely and natura..."]},
{"head": ["Probios Horse Soft Chews Digestion Support with Probiotics"], "brand": ["Probios"], "id": ["14855"], "description": ["Ideal during times of stress, such as traveling, after antibiotic therapy, following deworming, during weather changes and foaling. For all classes of horses. Highly palatable apple flavor. Contain..."]},
{"head": ["Cough Free Equine Respiratory Health Pellets"], "brand": ["Farnam"], "id": ["18660"], "description": ["Recommended to support normal respiratory function. Helps with stable cough, seasonal allergies, and occasional dry cough due to environmental stress or irritants. Ideal for horses that are stabled..."]},
{"head": ["dac Bloom Coat, Skin and Weight Gain Horse Supplement"], "brand": ["Dac Direct Action Company"], "id": ["15975"], "description": ["Provides a fat and mineral profile for all classes of horses. \r\nHelps improve overall hoof, skin and coat quality, plus provides \r\nadditional calories to assist in weight gain or maintenance during..."]},
{"head": ["Apple-A-Day Electrolyte for Horses"], "brand": ["Finish Line Horse Products, Inc."], "id": ["13333"], "description": ["This original apple-flavored electrolyte/mineral replacement helps keep horses hydrated after a strenuous workout. Unbalanced electrolytes and minerals can cause muscle stiffness, tiredness and deh..."]},
{"head": ["Quiessence Magnesium and Chromium Pellet for Horses"], "brand": ["Foxden Equine"], "id": ["15184"], "description": ["Pellet supplement is ideal for horses with tight, tense muscles that are slow to warm up and have sore or tight backs, nervous or tense horses that show an inability to learn and concentrate, or ho..."]},
{"head": ["Red Cell Vitamin-Iron-Mineral Supplement for Horses"], "brand": ["Horse Health Products"], "id": ["12275"], "description": ["Yucca-flavored supplement formulated to provide important \r\nvitamins and minerals that may be lacking in your horse's daily diet. \r\nSupports normal blood cell health, essential for oxygen transport..."]},
{"head": ["Probios Equine One Oral Gel with Probiotics"], "brand": ["Probios"], "id": ["11311"], "description": ["Each gm contains not less than 10 million CFU lactic acid bacteria. Dosage: Foals - 10 gm at birth and day 4; Adult horses - 15 gm at foaling, following therapy, or during training, transport or di..."]},
{"head": ["Acti-Flex Joint Supplement for Horses"], "brand": ["Cox Veterinary Laboratory, Inc."], "id": ["15539"], "description": ["Contains key substances found to work together to help support the horse's natural ability to produce joint lubricating synovial fluid, which is responsible for repairing and strengthening the dama..."]},
{"head": ["UlcerGard (Omeprazole) Oral Paste for Horses"], "brand": ["Merial"], "id": ["12812"], "description": ["Preparing your horse for the next big event? Guard against equine ulcers with Merial UlcerGard ulcer prevention for horses. Competition-related stress - confinement, training, traveling and perform..."]},
{"head": ["CocoSoya for Horses"], "brand": ["Uckele"], "id": ["13863"], "description": ["Natural source of antioxidant protected fatty acids to support healthy skin and coat. Rich in omega-3, -6 and -9. Cool fuel source for hard keepers. Replacement for refined corn and vegetable oils...."]},
{"head": ["HEAVE HO Horse Supplement for Allergies, COPD, Coughing"], "brand": ["HEAVE HO"], "id": ["10004"], "description": ["A natural nutritional horse supplement developed for breathing allergies, COPD and coughing. Helps open airways, clear mucus and stop coughing. A special combination of herbs helps fortify horse\u2019s ..."]},
{"head": ["Probios Multi-Species Dispersible Powder"], "brand": ["Probios"], "id": ["11204"], "description": ["Dispersible powder with probiotics for all species. Daily use helps support microbial balance. Complements current feeding program. Each gm contains not less than 10 million CFUs lactic acid bacter..."]},
{"head": ["Bute-Less Horse Supplement"], "brand": ["Absorbine"], "id": ["12340"], "description": ["Joint supplement for horses delivers a supplemental source of vitamin B12, with yucca and devils claw extract. Considered a natural alternative to bute. The Horse Journal found a 1 oz serving Solut..."]},
{"head": ["U-Gard Calcium Magnesium Supplement for Horses"], "brand": ["Corta-Flx"], "id": ["14217"], "description": ["Horse ulcer treatment is ideal for horses with decreased appetite, weight loss, chronic diarrhea, poor performance, episodes of colic, blood in stool, excess nervousness and bad attitude. For horse..."]},
{"head": ["dac Oil Horse Supplement"], "brand": ["Dac Direct Action Company"], "id": ["12722"], "description": ["Provides a balanced blend of vegetable and fish oils that\r\ncan be fed to all classes of horses. Ingredients help improve overall skin and\r\ncoat quality as well as providing additional calories to a..."]},
{"head": ["HEIRO for Horses"], "brand": ["HEIRO"], "id": ["10002"], "description": ["\r\n\r\n\r\n\r\n\r\n\r\n\r\n\r\n\r\n\r\n\r\n\r\n\r\n\r\n\r\n\r\n\r\n\r\n\r\nHorse have chronic foot pain? Can't be on pasture? Help horses with HEIRO - a proprietary blend of 8 tasty\r\nherbs, vitamin E and magnesium to safely and natura..."]},
{"head": ["Mare Magic Calming Supplement"], "brand": ["Solid Ideas"], "id": ["12416"], "description": ["Palatable, herbal supplement to help influence a quiet disposition in horses. Also helps support a healthy reproductive system in mares. Contains raspberry leaf. Will not test. For best results, fe..."]},
{"head": ["Farrier's Formula Double Strength Hoof and Coat Supplement for Horses"], "brand": ["Life Data Labs, Inc."], "id": ["13659"], "description": ["Equine hoof supplement provides nutrients horses need to build strong structural and connective tissue proteins important for healthy hoof structure. Within two weeks of feeding Farrier's Formula, ..."]},
{"head": ["Health-E Maximum Strength Vitamin E Horse Supplement"], "brand": ["Health-E"], "id": ["10003"], "description": ["Developed by veterinarian Dr. Frank Reilly to provide senior horses and horses with neurological issues high levels of vitamin E to get them back to peak performance faster. Ideal for all horses, e..."]},
{"head": ["Corona Multi-Purpose First Aid Ointment"], "brand": ["Corona"], "id": ["11170"], "description": ["Soothing ointment with lanolin to promote healing of minor cuts, lacerations, scrapes, rope burns, harness and saddle sores. Also provides relief for chapped, sun- or wind-burned lips and muzzle. C..."]},
{"head": ["Sharptemp V Large Animal Digital Thermometer"], "brand": ["Cotran Corporation"], "id": ["14213"], "description": ["Features wide, easy-to-read screen and nylon lanyard to keep\r\n it handy. \"Normal\" temperatures for cattle, pigs, sheep, horses and \r\ndogs listed on back of display. Packaged in hard plastic case. 5..."]},
{"head": ["Enclosed Plastic Feed Scoop"], "brand": ["Miller Little Giant"], "id": ["16016"], "description": ["Made of heavy-duty polypropylene for long life. Durable plastic design keeps feed contained while scooping. Features built-in graduation marks for easy measuring. Flat bottom allows scoop to be set..."]},
{"head": ["Arctic Sport Hi-Cut Boots for Men and Women"], "brand": ["The Original Muck Boot Company"], "id": ["13437"], "description": ["Made to endure prolonged cold conditions with a comfort range from sub -40\u00b0 to 60\u00b0F. 100% waterproof boots are great for rugged outdoor activities in unpredictable climates. Arctic Sport Boots feat..."]},
{"head": ["Rubber Feed Pan"], "brand": ["Miller Little Giant"], "id": ["11395"], "description": ["Crush-proof, crack-proof and freezeproof. Designed for farm and general purpose use. Black.2 quart (1/2 gallon) measures 8.5\" diameter by 4\" high. 4 quart (1 gallon) measures 11\" diameter by 4\" hig..."]},
{"head": ["CoFlex Mixed Case Self Adhesive Bandage"], "brand": ["Andover"], "id": ["12784"], "description": ["Colorpack CoFlex case contains 3 each red, blue, purple, light blue, neon pink and neon green for a total of 18 rolls.Rainbowpack CoFlex case contains 3 each red, blue, purple, white, green and tea..."]},
{"head": ["DuraFork Replacement Head"], "brand": ["Miller Little Giant"], "id": ["16010"], "description": ["Made from extra strength polycarbonate to provide strength and enhanced flexibility. Uniquely angled tines provide easy pickup with less spilling. Designed for long-lasting use around the farm, ran..."]},
{"head": ["Weigh Tapes"], "brand": ["Coburn"], "id": ["11273"], "description": ["Beef Stock Tape estimates beef cattle weights according to body condition \u2013 thin to very fleshy. One side gives scale in inches and pounds; the opposite side has same scale in centimeters and kilog..."]},
{"head": ["Terramycin Ophthalmic Ointment for Animal Use"], "brand": ["Zoetis"], "id": ["11409"], "description": ["A broad-spectrum topical for the prevention and treatment of ocular infections. Terramycin and polymyxin B combine for added antibacterial effect. For use in horses, cattle, sheep, dogs and cats.\u00a0V..."]},
{"head": ["Co-Flex Self Adhesive Bandage"], "brand": ["Andover"], "id": ["11794"], "description": ["Economical, high quality, comfortable, controlled compression bandage. Co-Flex wraps easily and adheres only to itself. Energy absorbing, abrasion resistant and non-slip support. Each roll measures..."]},
{"head": ["Betadine Solution 5% Povidone-Iodine Antiseptic Microbicide"], "brand": ["Betadine"], "id": ["11205"], "description": ["Provides the benefits of iodine without the drawbacks. Causes little pain or irritation to skin, wounds or membranes. Will not stain skin, hair or natural fabrics. Use full strength as an antisepti..."]},
{"head": ["Probios Multi-Species Dispersible Powder"], "brand": ["Probios"], "id": ["11204"], "description": ["Dispersible powder with probiotics for all species. Daily use helps support microbial balance. Complements current feeding program. Each gm contains not less than 10 million CFUs lactic acid bacter..."]},
{"head": ["ToMORROW (Cephapirin Benzathine) Dry Cow Mastitis Treatment"], "brand": ["Boehringer Ingelheim"], "id": ["11128"], "description": ["Formulated with cephapirin benzathine and shown by extensive clinical studies to be efficacious in the treatment of mastitis in dry cows, when caused by Streptococcus agalactiae and Staphylococcus ..."]},
{"head": ["4\" Vetrap Bandaging Tape"], "brand": ["3M"], "id": ["11422"], "description": ["Dependable tape will not loosen with time and activity. Initial wrapping must be comfortable for the animal. End will stay in place without clips or tape. Each roll measures 4\" x 5 yards."]},
{"head": ["Inforce 3 Cattle Vaccine"], "brand": ["Zoetis"], "id": ["13969"], "description": ["Three-way respiratory vaccine for vaccination of healthy cattle, including pregnant cows, for the prevention of respiratory disease caused by BRSV, and an aid in preventing respiratory disease caus..."]},
{"head": ["Eprinex Cattle Pour-On Dewormer"], "brand": ["Merial"], "id": ["12161"], "description": ["Controls 39 stages of internal and external parasites with up to 99.9% efficacy. Convenient for processing cattle on arrival. Treats and controls gastrointestinal roundworms, including inhibited os..."]},
{"head": ["Rubber Feed Pan"], "brand": ["Miller Little Giant"], "id": ["11395"], "description": ["Crush-proof, crack-proof and freezeproof. Designed for farm and general purpose use. Black.2 quart (1/2 gallon) measures 8.5\" diameter by 4\" high. 4 quart (1 gallon) measures 11\" diameter by 4\" hig..."]},
{"head": ["Bovikalc Oral Calcium Boluses"], "brand": ["Boehringer Ingelheim"], "id": ["13140"], "description": ["Bovikalc calcium bolus for cows provides both fast and\r\nlong-lasting serum calcium levels in freshening cows. Unique bolus formulation\r\noffers two sources of calcium - calcium chloride for rapidly ..."]},
{"head": ["Kool Lube for Clipper Blades"], "brand": ["Oster Professional Products"], "id": ["11070"], "description": ["Spray through blades occasionally during clipping. Reduces friction, heat and blade wear without leaving heavy oil residue."]},
{"head": ["First Defense Calf Boluses"], "brand": ["First Defense"], "id": ["11477"], "description": ["Used as an aid in the prevention of neonatal beef and dairy calf scours caused by K99+ E. coli and Coronavirus.\u00a0Studies have shown that calves that scour are more susceptible to other diseases late..."]},
{"head": ["Grip-Fit Curry Comb"], "brand": ["Decker's"], "id": ["11000"], "description": ["Reversible Grip-Fit Curry Comb with 2 tooth patterns: Decker (smoothly rounded) or Fitch (sharp). Available in regular (4\" x 4\") or jumbo (5-3/4\" x 5\") sizes in spring galvanized steel or stainless..."]},
{"head": ["DuraFlex Plastic Flatback Bucket"], "brand": ["Miller Little Giant"], "id": ["16017"], "description": ["Molded from tough polyethylene resin with excellent impact, warpage and stress crack resistance. Features ribs under rim for improved strength, wider back for improved contact against wall, grooved..."]},
{"head": ["Orbeseal Dry Cow Teat Sealant"], "brand": ["Zoetis"], "id": ["12832"], "description": ["For use in dry cows as an aid in the prevention of new intramammary infections throughout the dry period. Antibiotic-free paste provides a malleable barrier in the teat canal, reducing the incidenc..."]},
{"head": ["CoFlex Mixed Case Self Adhesive Bandage"], "brand": ["Andover"], "id": ["12784"], "description": ["Colorpack CoFlex case contains 3 each red, blue, purple, light blue, neon pink and neon green for a total of 18 rolls.Rainbowpack CoFlex case contains 3 each red, blue, purple, white, green and tea..."]},
{"head": ["Weigh Tapes"], "brand": ["Coburn"], "id": ["11273"], "description": ["Beef Stock Tape estimates beef cattle weights according to body condition \u2013 thin to very fleshy. One side gives scale in inches and pounds; the opposite side has same scale in centimeters and kilog..."]},
{"head": ["Terramycin Ophthalmic Ointment for Animal Use"], "brand": ["Zoetis"], "id": ["11409"], "description": ["A broad-spectrum topical for the prevention and treatment of ocular infections. Terramycin and polymyxin B combine for added antibacterial effect. For use in horses, cattle, sheep, dogs and cats.\u00a0V..."]},
{"head": ["UltraEdge Detachable Blades"], "brand": ["Andis"], "id": ["13235"], "description": ["Full range of blades. Fit Andis AGR+\u00a0and AGC, Oster A5 and Wahl detachable type clippers. Sold as a set; top and bottom blades included.Size 5/8 HT - Heat Treatment, 5/8\", 16mm; for show pigs/hogs\u00a0..."]},
{"head": ["Co-Flex Self Adhesive Bandage"], "brand": ["Andover"], "id": ["11794"], "description": ["Economical, high quality, comfortable, controlled compression bandage. Co-Flex wraps easily and adheres only to itself. Energy absorbing, abrasion resistant and non-slip support. Each roll measures..."]},
{"head": ["4\" Vetrap Bandaging Tape"], "brand": ["3M"], "id": ["11422"], "description": ["Dependable tape will not loosen with time and activity. Initial wrapping must be comfortable for the animal. End will stay in place without clips or tape. Each roll measures 4\" x 5 yards."]},
{"head": ["Eze-Trim Footrot Shears"], "brand": ["Ideal"], "id": ["13692"], "description": ["Teflon-coated, high carbon steel blades keep a sharp edge. Feature adjustable blade tension and convenient blade lock. Tough, resin molded handles withstand wear and tear, plus provide maximum comf..."]},
{"head": ["Prohibit Soluble Drench Dewormer for Cattle and Sheep"], "brand": ["AgriLabs"], "id": ["12519"], "description": ["Broad spectrum anthelmintic effective against lungworms, stomach and intestinal\r\nworms in cattle and sheep. Not for use in dairy cattle of breeding age or in\r\npregnant ewes. \r\n\r\nOne packet treats 3..."]},
{"head": ["Probios Multi-Species Dispersible Powder"], "brand": ["Probios"], "id": ["11204"], "description": ["Dispersible powder with probiotics for all species. Daily use helps support microbial balance. Complements current feeding program. Each gm contains not less than 10 million CFUs lactic acid bacter..."]},
{"head": ["DuraFlex Plastic Flatback Bucket"], "brand": ["Miller Little Giant"], "id": ["16017"], "description": ["Molded from tough polyethylene resin with excellent impact, warpage and stress crack resistance. Features ribs under rim for improved strength, wider back for improved contact against wall, grooved..."]},
{"head": ["Valbazen Suspension Broad Spectrum Dewormer"], "brand": ["Zoetis"], "id": ["11394"], "description": ["Broad-spectrum anthelmintic for oral administration, effective in the removal and control of liver flukes, stomach worms, tapeworms, intestinal worms and lungworms in cattle and sheep. Also for tre..."]},
{"head": ["Eazi-Breed CIDR for Sheep"], "brand": ["Zoetis"], "id": ["13704"], "description": ["Convenient, effective system helps induce estrus in ewes and allows for breeding out of season. Contains 0.3 gm progesterone which is continuously released into the bloodstream at a controlled rate..."]},
{"head": ["Pierce's Nu-Stock Wound Cream"], "brand": ["Nu-Stock"], "id": ["13518"], "description": ["Provides relief of red mange, ringworm, ear mites, bruises, burns, tender hooves and more. Safe for all animals.Contains 73% sulfur, 25% mineral oil and 2% pine oil; no steroids. Apply to affected ..."]},
{"head": ["Betadine Antiseptic Skin Cleanser Surgical Scrub"], "brand": ["Betadine"], "id": ["11263"], "description": ["Germicidal cleanser for pre- and post-operative scrubbing or washing. Contains 7.5% povidone-iodine equal to 0.75% available iodine. Not for use on food producing animals.\u00a0View Manufacturer and/or ..."]},
{"head": ["Sharptemp V Large Animal Digital Thermometer"], "brand": ["Cotran Corporation"], "id": ["14213"], "description": ["Features wide, easy-to-read screen and nylon lanyard to keep\r\n it handy. \"Normal\" temperatures for cattle, pigs, sheep, horses and \r\ndogs listed on back of display. Packaged in hard plastic case. 5..."]},
{"head": ["Enclosed Plastic Feed Scoop"], "brand": ["Miller Little Giant"], "id": ["16016"], "description": ["Made of heavy-duty polypropylene for long life. Durable plastic design keeps feed contained while scooping. Features built-in graduation marks for easy measuring. Flat bottom allows scoop to be set..."]},
{"head": ["Monoject Disposable Poly Hub Needle"], "brand": ["Monoject"], "id": ["11238"], "description": ["Wings at luer lock flange assure perfect fit on all syringes.Packaged in a rigid, color-coded cartridge:\r\nGreen = 18 gauge\r\nLight Green = 19 gauge\r\nPink = 20 gauge\r\nBlue = 22 gauge\r\nSold individual..."]},
{"head": ["Bar-Vac CD/T Cattle, Sheep and Goat Vaccine"], "brand": ["Boehringer Ingelheim"], "id": ["11166"], "description": ["Will immunize healthy sheep, goats and cattle against Enterotoxemia and Tetanus caused by the toxins of Cl. perfringens types C & D, and Cl. tetani. Dosage: Cattle - 5 ml; Sheep and goats - 2 ml su..."]},
{"head": ["Arctic Sport Hi-Cut Boots for Men and Women"], "brand": ["The Original Muck Boot Company"], "id": ["13437"], "description": ["Made to endure prolonged cold conditions with a comfort range from sub -40\u00b0 to 60\u00b0F. 100% waterproof boots are great for rugged outdoor activities in unpredictable climates. Arctic Sport Boots feat..."]},
{"head": ["Rubber Feed Pan"], "brand": ["Miller Little Giant"], "id": ["11395"], "description": ["Crush-proof, crack-proof and freezeproof. Designed for farm and general purpose use. Black.2 quart (1/2 gallon) measures 8.5\" diameter by 4\" high. 4 quart (1 gallon) measures 11\" diameter by 4\" hig..."]},
{"head": ["Terramycin Ophthalmic Ointment for Animal Use"], "brand": ["Zoetis"], "id": ["11409"], "description": ["A broad-spectrum topical for the prevention and treatment of ocular infections. Terramycin and polymyxin B combine for added antibacterial effect. For use in horses, cattle, sheep, dogs and cats.\u00a0V..."]},
{"head": ["Weigh Tapes"], "brand": ["Coburn"], "id": ["11273"], "description": ["Beef Stock Tape estimates beef cattle weights according to body condition \u2013 thin to very fleshy. One side gives scale in inches and pounds; the opposite side has same scale in centimeters and kilog..."]},
{"head": ["CoFlex Mixed Case Self Adhesive Bandage"], "brand": ["Andover"], "id": ["12784"], "description": ["Colorpack CoFlex case contains 3 each red, blue, purple, light blue, neon pink and neon green for a total of 18 rolls.Rainbowpack CoFlex case contains 3 each red, blue, purple, white, green and tea..."]},
{"head": ["Betadine Solution 5% Povidone-Iodine Antiseptic Microbicide"], "brand": ["Betadine"], "id": ["11205"], "description": ["Provides the benefits of iodine without the drawbacks. Causes little pain or irritation to skin, wounds or membranes. Will not stain skin, hair or natural fabrics. Use full strength as an antisepti..."]},
{"head": ["4\" Vetrap Bandaging Tape"], "brand": ["3M"], "id": ["11422"], "description": ["Dependable tape will not loosen with time and activity. Initial wrapping must be comfortable for the animal. End will stay in place without clips or tape. Each roll measures 4\" x 5 yards."]},
{"head": ["Probios Multi-Species Dispersible Powder"], "brand": ["Probios"], "id": ["11204"], "description": ["Dispersible powder with probiotics for all species. Daily use helps support microbial balance. Complements current feeding program. Each gm contains not less than 10 million CFUs lactic acid bacter..."]},
{"head": ["Co-Flex Self Adhesive Bandage"], "brand": ["Andover"], "id": ["11794"], "description": ["Economical, high quality, comfortable, controlled compression bandage. Co-Flex wraps easily and adheres only to itself. Energy absorbing, abrasion resistant and non-slip support. Each roll measures..."]},
{"head": ["Revalor-IH Implants for Heifers"], "brand": ["Merck Animal Health"], "id": ["12189"], "description": ["Each implant contains 80 mg trenbolone acetate and 8 mg estradiol.View Manufacturer and/or Label Information:\u00a0Revalor\u00ae-IH"]},
{"head": ["First Defense Calf Boluses"], "brand": ["First Defense"], "id": ["11477"], "description": ["Used as an aid in the prevention of neonatal beef and dairy calf scours caused by K99+ E. coli and Coronavirus.\u00a0Studies have shown that calves that scour are more susceptible to other diseases late..."]},
{"head": ["DuraFlex Plastic Flatback Bucket"], "brand": ["Miller Little Giant"], "id": ["16017"], "description": ["Molded from tough polyethylene resin with excellent impact, warpage and stress crack resistance. Features ribs under rim for improved strength, wider back for improved contact against wall, grooved..."]},
{"head": ["Allflex Global Maxi Numbered Tags"], "brand": ["Allflex"], "id": ["16628"], "description": ["Tag shape provides the highest retention and durability. Highly visible pastel colors \u2013 easily seen from a distance. Excellent for beef and dairy cattle. Female Tag complete with Small Round Male T..."]},
{"head": ["Cydectin Cattle Pour-On Dewormer"], "brand": ["Bayer"], "id": ["11948"], "description": ["For the treatment and \r\ncontrol of gastrointestinal roundworms, lungworms, grubs, sucking and \r\nbiting lice, mites and horn flies in beef and dairy cattle. Provides broad-spectrum control which has..."]},
{"head": ["Eazi-Breed CIDR for Cattle"], "brand": ["Zoetis"], "id": ["12379"], "description": ["Cattle insemination tool. T-shaped device impregnated with 1.38 gm progesterone, which when placed in the animal's vagina, continuously releases progesterone. Removing the Eazi Breed CIDR insert 7 ..."]},
{"head": ["KrudZapper Wound and Skin Care Topical for Animals"], "brand": ["Krudzapper"], "id": ["16106"], "description": ["Topical ointment and spray for all animals that is safe and effective. Easy-to-use, one-step wound and skin care. Reach for it first to stop the itching, protect area while healing and keep foreign..."]},
{"head": ["Arco Cordless Clipper"], "brand": ["Wahl"], "id": ["14879"], "description": ["Exceptionally lightweight, amazingly quiet single speed clipper with no vibration offering amazing cutting power. Provides continuous cordless operation for up to 80 minutes per battery. 5,500 SPM...."]},
{"head": ["Kids' Rugged II Boots"], "brand": ["The Original Muck Boot Company"], "id": ["15784"], "description": ["A performance outdoor sport boot. It will protect feet in severe cold with new 5mm CR Flex-Foam insulation backed with a fleece lining. This lining adds extra insulation to keep cold out for kids t..."]},
{"head": ["Kid's Classic High-Cut Boots with Handle"], "brand": ["BOGS"], "id": ["14629"], "description": ["Built for comfort and are handmade with natural rubber and neoprene. They're warm, waterproof and give you all-day comfort. Over-the-foot boot is comfort rated to -30\u00b0F. DuraFresh bio-technology ac..."]},
{"head": ["Wetland Hi-Cut Boots for Men and Women"], "brand": ["The Original Muck Boot Company"], "id": ["14641"], "description": ["100% waterproof boot made to keep your feet warm and dry with a comfort range from -20\u00b0 to 70\u00b0F. Stretch-fit topline binding snugs to calf to keep warmth in and cold out. Features CR flex-foam boot..."]},
{"head": ["Women's Classic Mid-Cut Boots"], "brand": ["BOGS"], "id": ["14639"], "description": ["Built for comfort and handmade with natural rubber and neoprene. Warm, waterproof and gives you all-day comfort. Over-the-foot boot is comfort rated to -40\u00b0F. DuraFresh bio-technology activates to ..."]},
{"head": ["Women's Classic High-Cut Boots With Handle"], "brand": ["BOGS"], "id": ["14640"], "description": ["Bogs Women's Classic Boots are built for comfort and are handmade with \r\nnatural rubber and neoprene. They're warm, waterproof and give you \r\nall-day comfort. Over-the-foot boot is comfort rated to..."]},
{"head": ["Safe-Guard 0.5% Multi-Species Dewormer Pellets"], "brand": ["Safe-Guard"], "id": ["13892"], "description": ["Broad-spectrum dewormer is for use in beef and dairy cattle, equine, swine, growing turkeys, and zoo and wildlife animals. Contains 2.27 gm fenbendazole per lb. Cattle (Beef and Dairy) - For the re..."]},
{"head": ["Chore Mid-Cut Boots for Men and Women"], "brand": ["The Original Muck Boot Company"], "id": ["15054"], "description": ["Boots with moisture-control lining and slipper-soft footbed are insulated to -10\u00baF. Stretch-fit topline binding snugs calf to keep warmth in and cold out. Upper is triple reinforced in toe area and..."]},
{"head": ["Men's Classic High-Cut Boots"], "brand": ["BOGS"], "id": ["14632"], "description": ["Built for comfort and handmade with natural rubber and neoprene. Warm, waterproof and gives you all-day comfort. Over-the-foot boot is comfort rated to -40\u00b0F. DuraFresh bio-technology activates to ..."]},
{"head": ["Arctic Sport Hi-Cut Boots for Men and Women"], "brand": ["The Original Muck Boot Company"], "id": ["13437"], "description": ["Made to endure prolonged cold conditions with a comfort range from sub -40\u00b0 to 60\u00b0F. 100% waterproof boots are great for rugged outdoor activities in unpredictable climates. Arctic Sport Boots feat..."]},
{"head": ["Kool Lube for Clipper Blades"], "brand": ["Oster Professional Products"], "id": ["11070"], "description": ["Spray through blades occasionally during clipping. Reduces friction, heat and blade wear without leaving heavy oil residue."]},
{"head": ["UltraEdge Detachable Blades"], "brand": ["Andis"], "id": ["13235"], "description": ["Full range of blades. Fit Andis AGR+\u00a0and AGC, Oster A5 and Wahl detachable type clippers. Sold as a set; top and bottom blades included.Size 5/8 HT - Heat Treatment, 5/8\", 16mm; for show pigs/hogs\u00a0..."]},
{"head": ["LubriSyn HA Human Joint Supplement"], "brand": ["LubriSyn"], "id": ["15131"], "description": ["Is joint pain holding you back? Give yourself LubriSyn HA \u2013 the daily dose for fluid joints! All-natural, oral, liquid form of hyaluronic acid (HA) helps maintain healthy joints by improving the qu..."]},
{"head": ["PeaceMaker Pellet Deer Supplement"], "brand": ["Head Gear"], "id": ["15143"], "description": ["All-natural, powerful pellet deer supplement from Head Gear helps \"keep the peace\" and reduce potential injuries during rut, breeding season, handling and other key times throughout the year. Scien..."]},
{"head": ["Chore Hi-Cut Boots for Men and Women"], "brand": ["The Original Muck Boot Company"], "id": ["13056"], "description": ["Boots with moisture-control lining and slipper-soft footbed are insulated to -10\u00baF. Stretch-fit topline binding snugs calf to keep warmth in and cold out. Upper is triple reinforced in toe area and..."]},
{"head": ["Alpaca & Llama Nutri-Drench"], "brand": ["Nutri-Drench"], "id": ["13590"], "description": ["For newborns and all camelids in any stress situation when nutrients are needed fast. Premium liquid supplement contains vitamins A, D and E; minerals, amino acids and glucose\r\n for immediate energ..."]},
{"head": ["Super-Fit Gloves"], "brand": ["Summit Glove"], "id": ["13004"], "description": ["Feature medium weight, blue natural rubber coating over 10-gauge grey \r\nknit liner. Palm and fingers are coated and textured. Imported."]},
{"head": ["Galvanized Double Wall Fount"], "brand": ["Miller Little Giant"], "id": ["14602"], "description": ["Feature rolled edges for safety and arched inner handle for added comfort. Constructed of heavy-gauge galvanized steel; seams constructed and tested to prevent leaks. Include copper spring and neop..."]},
{"head": ["Galvanized Hanging Feeder"], "brand": ["Miller Little Giant"], "id": ["13766"], "description": ["Constructed of heavy-gauge galvanized steel with rolled edges for safety. Complete with feeder pan."]},
{"head": ["Grub Frenzy"], "brand": ["Happy Hen Treats"], "id": ["17008"], "description": ["Flocks frenzy for grubs! High protein, calcium rich, North American grown treats. Contain min 30% crude protein, min 1.8% lysine, min 0.5% methionine, min 33% crude fat, max 8% crude fiber, min 0.8..."]},
{"head": ["Heating Plate Chick Warmer"], "brand": ["Premier 1"], "id": ["16110"], "description": ["Heating plate simulates a hen keeping chicks warm and cozy beneath her feathers. Uses much less electricity than a heat lamp \u2013 only 22 watts (66 for larger plate) vs 175-250 watts for a heat lamp; ..."]},
{"head": ["Poultry Booster"], "brand": ["Rooster Booster"], "id": ["16805"], "description": ["Use on all ages of fowl for growth, development and egg production programs. Contains lysine, methionine, calcium, magnesium, manganese, cobalt, zinc, riboflavin, d-pantothenic acid, thiamine, niac..."]},
{"head": ["Hen Healer Multi-Purpose Ointment"], "brand": ["Manna Pro"], "id": ["16130"], "description": ["Multi-purpose, blue ointment formula for use on all classes of poultry for minor cuts, sores, chapping and dry skin. Helps support healing. Keeps affected areas soft and supple. Creates barrier to ..."]},
{"head": ["Chicken Harness"], "brand": ["Valhoma Corporation"], "id": ["16798"], "description": ["Comfortable harness to guide chicken, duck or goose. Attach to 6 ft Chicken Leash (sold separately). Extra Small fits Bantams and pullets; Small fits hens and average chickens; Medium fits roosters..."]},
{"head": ["Isopropyl Alcohol 99%"], "brand": ["AgriLabs"], "id": ["11340"], "description": ["For use in manufacturing, processing or repacking.Must be purchased in case lots of 4 and shipped UPS Ground.\u00a0Additional Hazardous Surcharge required. Can purchase up to one case per hazardous surc..."]},
{"head": ["Heated Base for Poultry Fountain"], "brand": ["Farm Innovators"], "id": ["13761"], "description": ["Keeps water from freezing in temperatures as low as 10\u00b0F and is thermostatically controlled to operate only when necessary. The Heated Base is designed for use with double wall metal founts. Perfec..."]},
{"head": ["Heated All-Season Poultry Fount"], "brand": ["Farm Innovators"], "id": ["13762"], "description": ["Keeps water from freezing down to 0\u00b0F. Thermostatically controlled to operate only when necessary. New twist-lock design ensures tight fit. Designed to hang. Flat top sits level on ground while fil..."]},
{"head": ["Heated Poultry Waterer with Side Mount Nipples"], "brand": ["Farm Innovators"], "id": ["16801"], "description": ["Keeps water from freezing during winter. Side mounted drip-free and freeze-free nipples accommodate up to 15 chickens. Can be hung or placed on ground. Thermostatically controlled to work automatic..."]},
{"head": ["Hanging Poultry Feeder"], "brand": ["Miller Little Giant"], "id": ["12826"], "description": ["Get the most out of your feeder! Features anti-scratch vanes help prevent crowding and waste while feed saver lips minimize spillage. Use on the ground or hang to raise feeder as chicks grow. 3 lb ..."]},
{"head": ["Poultry Grit with Probiotics"], "brand": ["Manna Pro"], "id": ["16602"], "description": ["Effective grit product contains insoluble crushed granite and min 2.5 x 108 CFU/lb total microorganisms. No preservatives or artificial ingredients. Directions: Designed to be fed with course grain..."]},
{"head": ["Kickin' Chicken Supplement"], "brand": ["Healthy Coat"], "id": ["14157"], "description": ["Feed top dressing for all classes of birds, including athletic and \r\nperformance birds. Unique formula is mechanically pressed, without \r\nchemicals and unrefined to preserve nutritional value for t..."]},
{"head": ["The Chicken Swing"], "brand": ["Fowl Play"], "id": ["17163"], "description": ["Provides an activity for all breeds and ages of chickens to use in the coop. Not simply a swinging perch - revolutionary design allows chickens to actually swing! Mailbox-shaped perch with corn-lik..."]},
{"head": ["100% Mealworm Frenzy Treats for Chickens"], "brand": ["Happy Hen Treats"], "id": ["16255"], "description": ["Treats perfect for training or taming chickens. Tasty, all-natural dried mealworms offer chickens the taste they love without the inconvenience of live worms. Can be offered stand-alone or blended ..."]},
{"head": ["Sav-A-Chick Electrolyte & Vitamin Supplement"], "brand": ["Sav-A-Caf"], "id": ["14098"], "description": ["Electrolyte and vitamin supplement from Milk Products replenishes essential vitamins and minerals in poultry of all ages. Encourages water consumption during times of stress, including heat and hum..."]},
{"head": ["Plastic Screw-On Poultry Feeder/Waterer Jar"], "brand": ["Miller Little Giant"], "id": ["12341"], "description": ["Compatible with Screw-On Plastic Poultry Waterer Bases; Quart size also compatible with Screw-On Plastic Poultry Feeder Bases.\u00a0"]},
{"head": ["VetRx Poultry Remedy/Aid"], "brand": ["VetRx"], "id": ["11612"], "description": ["Effective relief and prevention of colds, roup, scaly legs and eye worm, and as a conditioner for show preparations. For internal and external applications.\u00a0Contains alcohol, Canada balsam, camphor..."]},
{"head": ["Mercury-Free Thermometer"], "brand": ["Cotran Corporation"], "id": ["13447"], "description": ["Measures temperature in Fahrenheit. 5\"L."]},
{"head": ["Pierce's Nu-Stock Wound Cream"], "brand": ["Nu-Stock"], "id": ["13518"], "description": ["Provides relief of red mange, ringworm, ear mites, bruises, burns, tender hooves and more. Safe for all animals.Contains 73% sulfur, 25% mineral oil and 2% pine oil; no steroids. Apply to affected ..."]},
{"head": ["Enclosed Plastic Feed Scoop"], "brand": ["Miller Little Giant"], "id": ["16016"], "description": ["Made of heavy-duty polypropylene for long life. Durable plastic design keeps feed contained while scooping. Features built-in graduation marks for easy measuring. Flat bottom allows scoop to be set..."]},
{"head": ["Monoject Disposable Poly Hub Needle"], "brand": ["Monoject"], "id": ["11238"], "description": ["Wings at luer lock flange assure perfect fit on all syringes.Packaged in a rigid, color-coded cartridge:\r\nGreen = 18 gauge\r\nLight Green = 19 gauge\r\nPink = 20 gauge\r\nBlue = 22 gauge\r\nSold individual..."]},
{"head": ["Safe-Guard 0.5% Multi-Species Dewormer Pellets"], "brand": ["Safe-Guard"], "id": ["13892"], "description": ["Broad-spectrum dewormer is for use in beef and dairy cattle, equine, swine, growing turkeys, and zoo and wildlife animals. Contains 2.27 gm fenbendazole per lb. Cattle (Beef and Dairy) - For the re..."]},
{"head": ["DuraFlex Plastic Pail"], "brand": ["Miller Little Giant"], "id": ["11771"], "description": ["One-piece construction with low, wide profile. Impact resistant, polyethylene resin protects against warpage and helps prevent stress cracks. Measures 11-1/2\" diameter, 8-1/2\"H. 8 quarts (2 gallons..."]},
{"head": ["Kool Lube for Clipper Blades"], "brand": ["Oster Professional Products"], "id": ["11070"], "description": ["Spray through blades occasionally during clipping. Reduces friction, heat and blade wear without leaving heavy oil residue."]},
{"head": ["Sharptemp V Large Animal Digital Thermometer"], "brand": ["Cotran Corporation"], "id": ["14213"], "description": ["Features wide, easy-to-read screen and nylon lanyard to keep\r\n it handy. \"Normal\" temperatures for cattle, pigs, sheep, horses and \r\ndogs listed on back of display. Packaged in hard plastic case. 5..."]},
{"head": ["CoFlex Mixed Case Self Adhesive Bandage"], "brand": ["Andover"], "id": ["12784"], "description": ["Colorpack CoFlex case contains 3 each red, blue, purple, light blue, neon pink and neon green for a total of 18 rolls.Rainbowpack CoFlex case contains 3 each red, blue, purple, white, green and tea..."]},
{"head": ["Mealworm Munchies Gourmet Poultry Treats"], "brand": ["Manna Pro"], "id": ["16775"], "description": ["All classes of poultry love to eat bugs! Mealworm Munchies give flocks the taste they crave! Perfect for flocks who have limited access to finding their own insect snacks, these dried mealworms are..."]},
{"head": ["Rubber Feed Pan"], "brand": ["Miller Little Giant"], "id": ["11395"], "description": ["Crush-proof, crack-proof and freezeproof. Designed for farm and general purpose use. Black.2 quart (1/2 gallon) measures 8.5\" diameter by 4\" high. 4 quart (1 gallon) measures 11\" diameter by 4\" hig..."]},
{"head": ["Weigh Tapes"], "brand": ["Coburn"], "id": ["11273"], "description": ["Beef Stock Tape estimates beef cattle weights according to body condition \u2013 thin to very fleshy. One side gives scale in inches and pounds; the opposite side has same scale in centimeters and kilog..."]},
{"head": ["Co-Flex Self Adhesive Bandage"], "brand": ["Andover"], "id": ["11794"], "description": ["Economical, high quality, comfortable, controlled compression bandage. Co-Flex wraps easily and adheres only to itself. Energy absorbing, abrasion resistant and non-slip support. Each roll measures..."]},
{"head": ["UltraEdge Detachable Blades"], "brand": ["Andis"], "id": ["13235"], "description": ["Full range of blades. Fit Andis AGR+\u00a0and AGC, Oster A5 and Wahl detachable type clippers. Sold as a set; top and bottom blades included.Size 5/8 HT - Heat Treatment, 5/8\", 16mm; for show pigs/hogs\u00a0..."]},
{"head": ["Probios Multi-Species Dispersible Powder"], "brand": ["Probios"], "id": ["11204"], "description": ["Dispersible powder with probiotics for all species. Daily use helps support microbial balance. Complements current feeding program. Each gm contains not less than 10 million CFUs lactic acid bacter..."]},
{"head": ["4\" Vetrap Bandaging Tape"], "brand": ["3M"], "id": ["11422"], "description": ["Dependable tape will not loosen with time and activity. Initial wrapping must be comfortable for the animal. End will stay in place without clips or tape. Each roll measures 4\" x 5 yards."]},
{"head": ["Champions Choice"], "brand": ["Sullivan Supply, Inc."], "id": ["13372"], "description": ["Also brightens white hogs. Helps prevent dry, scaly skin and hair; won\u2019t clog pores. Contains citronella, a natural insect repellent."]},
{"head": ["Swine BlueLite 2Bw Supplement"], "brand": ["TechMix"], "id": ["13293"], "description": ["Specifically developed for swine to offer support during the challenges \r\nof weaning and intestinal disturbances with modes of action including \r\ncompetitive exclusion, lactic acid production, enzy..."]},
{"head": ["Agri-Mectin Cattle and Swine Dewormer Injection"], "brand": ["AgriLabs"], "id": ["14237"], "description": ["1% sterile solution. Low-volume dose, economical livestock dewormer. Injectable parasiticide for effective treatment and control of gastrointestinal roundworms, lungworms, sucking lice and mange mi..."]},
{"head": ["3FLEX Vaccine for Swine"], "brand": ["Boehringer Ingelheim"], "id": ["16843"], "description": ["For vaccination of healthy, susceptible swine 3 weeks or older as an aid in the prevention of lymphoid depletion, inflammation and colonization of lymphoid tissue associated with Porcine Circovirus..."]},
{"head": ["KONG Squeakair Ball"], "brand": ["KONG"], "id": ["15176"], "description": ["Combines two classic dog toys - the tennis ball and the squeaker toy - to create the perfect fetch toy. The durable, high-quality Squeakair Ball will not wear down your dog's teeth. It is made with..."]},
{"head": ["DuraFlex Plastic Flatback Bucket"], "brand": ["Miller Little Giant"], "id": ["16017"], "description": ["Molded from tough polyethylene resin with excellent impact, warpage and stress crack resistance. Features ribs under rim for improved strength, wider back for improved contact against wall, grooved..."]},
{"head": ["Betadine Antiseptic Skin Cleanser Surgical Scrub"], "brand": ["Betadine"], "id": ["11263"], "description": ["Germicidal cleanser for pre- and post-operative scrubbing or washing. Contains 7.5% povidone-iodine equal to 0.75% available iodine. Not for use on food producing animals.\u00a0View Manufacturer and/or ..."]},
{"head": ["Pierce's Nu-Stock Wound Cream"], "brand": ["Nu-Stock"], "id": ["13518"], "description": ["Provides relief of red mange, ringworm, ear mites, bruises, burns, tender hooves and more. Safe for all animals.Contains 73% sulfur, 25% mineral oil and 2% pine oil; no steroids. Apply to affected ..."]},
{"head": ["Kool Lube for Clipper Blades"], "brand": ["Oster Professional Products"], "id": ["11070"], "description": ["Spray through blades occasionally during clipping. Reduces friction, heat and blade wear without leaving heavy oil residue."]},
{"head": ["CoFlex Mixed Case Self Adhesive Bandage"], "brand": ["Andover"], "id": ["12784"], "description": ["Colorpack CoFlex case contains 3 each red, blue, purple, light blue, neon pink and neon green for a total of 18 rolls.Rainbowpack CoFlex case contains 3 each red, blue, purple, white, green and tea..."]},
{"head": ["Terramycin Ophthalmic Ointment for Animal Use"], "brand": ["Zoetis"], "id": ["11409"], "description": ["A broad-spectrum topical for the prevention and treatment of ocular infections. Terramycin and polymyxin B combine for added antibacterial effect. For use in horses, cattle, sheep, dogs and cats.\u00a0V..."]},
{"head": ["Betadine Solution 5% Povidone-Iodine Antiseptic Microbicide"], "brand": ["Betadine"], "id": ["11205"], "description": ["Provides the benefits of iodine without the drawbacks. Causes little pain or irritation to skin, wounds or membranes. Will not stain skin, hair or natural fabrics. Use full strength as an antisepti..."]},
{"head": ["SleekEZ Ultimate Deshedding Grooming Tool"], "brand": ["SleekEZ"], "id": ["16372"], "description": ["Comb designed with unique, exclusive, patented, wave tooth pattern created to be used on a variety of coats \u2013 from fine to coarse, long to short. Tool's teeth grab tips of hair rather than base of ..."]},
{"head": ["UltraEdge Detachable Blades"], "brand": ["Andis"], "id": ["13235"], "description": ["Full range of blades. Fit Andis AGR+\u00a0and AGC, Oster A5 and Wahl detachable type clippers. Sold as a set; top and bottom blades included.Size 5/8 HT - Heat Treatment, 5/8\", 16mm; for show pigs/hogs\u00a0..."]},
{"head": ["Co-Flex Self Adhesive Bandage"], "brand": ["Andover"], "id": ["11794"], "description": ["Economical, high quality, comfortable, controlled compression bandage. Co-Flex wraps easily and adheres only to itself. Energy absorbing, abrasion resistant and non-slip support. Each roll measures..."]},
{"head": ["4\" Vetrap Bandaging Tape"], "brand": ["3M"], "id": ["11422"], "description": ["Dependable tape will not loosen with time and activity. Initial wrapping must be comfortable for the animal. End will stay in place without clips or tape. Each roll measures 4\" x 5 yards."]},
{"head": ["Jolly Ball for Horses"], "brand": ["Jolly Pets"], "id": ["12567"], "description": ["This unique toy cannot be destroyed by a puncture or bite. Revolutionary polyethylene material inflates without air. Reduces stress and boredom of animal. Available in large (10\") for horses."]},
{"head": ["Probios Multi-Species Dispersible Powder"], "brand": ["Probios"], "id": ["11204"], "description": ["Dispersible powder with probiotics for all species. Daily use helps support microbial balance. Complements current feeding program. Each gm contains not less than 10 million CFUs lactic acid bacter..."]},
{"head": ["WormEze Dog and Cat Dewormer"], "brand": ["Durvet"], "id": ["15077"], "description": ["Liquid and Gel dewormers for the removal of large roundworms (ascarids). For dogs, cats, puppies and kittens over 6 weeks of age.Contains 275 mg/tsp piperazine citrate.Directions: Administer 1 tsp ..."]},
{"head": ["Blaster Essential Oil Horse Spray"], "brand": ["Finish Line Horse Products, Inc."], "id": ["13334"], "description": ["Effective combination of 7 natural oils in water soluble base helps \r\npromote healthy skin. Gentle and safe for sensitive skin. Concentrate allows you to control strength of \r\nspray by mixing it wh..."]},
{"head": ["Prozap Insectrin Dust"], "brand": ["Prozap"], "id": ["11419"], "description": ["For the control of horn flies, lice and face flies on beef and dairy cattle and horses; lice on swine; northern fowl mites on poultry; fleas, ticks and lice on dogs and cats. Contains 0.25% permeth..."]},
{"head": ["Frontline Plus Flea and Tick Spot-On for Cats"], "brand": ["FRONTLINE"], "id": ["12278"], "description": ["Offers fast-acting, long-lasting control of fleas, flea eggs and ticks for cats and kittens 8 weeks and older and over 1.5 lbs. Convenient spot treatment kills adult fleas, flea eggs and flea larva..."]},
{"head": ["Equiderma Neem & Aloe Herbal Horse Spray"], "brand": ["EQUIDERMA"], "id": ["18323"], "description": ["For use on humans, horses and all barnyard animals. Helps provide protection against biting insects. Essential oils help protect the skin from fungal and bacterial issues.\u00a0Contains steeped neem lea..."]},
{"head": ["Spartan Mosquito Eradicator"], "brand": ["Spartan Mosquito"], "id": ["17528"], "description": ["Uniquely effective, long-lasting, do-it-yourself continuous mosquito control system. Deploy eradicators when weather begins to warm to create a barrier, giving mosquitoes a target that emits the sa..."]},
{"head": ["Pyranha Wipe N' Spray Fly Spray for Horses"], "brand": ["Pyranha"], "id": ["12729"], "description": ["Provides easy, effective and convenient fly protection for horses. Combination of repellent and natural pyrethrin provides a quick kill of stable, horse, face, deer, house and horn flies, mosquitoe..."]},
{"head": ["Ramik Rat, Mouse and Snake Glue Trap Trays"], "brand": ["Neogen Corporation"], "id": ["14250"], "description": ["Disposable, professional strength plastic tray glue traps feature special scented formula to attract rodents.\u00a0Traps rats,\u00a0mice and snakes. Measure 5-1/4\" x 10-1/2\". Ideal for use on floor against b..."]},
{"head": ["Bronco-e Equine Fly Spray"], "brand": ["Farnam"], "id": ["13685"], "description": ["Ready-to-use insecticide and repellent for use on horses, ponies, foals and premises. Non-oily \r\nformula may be used as spray or wipe. Kills and repels stable, horse, face, deer, house and horn fli..."]},
{"head": ["Live Animal Trap"], "brand": ["Miller Little Giant"], "id": ["12764"], "description": ["Single door live animal traps are manufactured from heavy-duty galvanized wire mesh with steel reinforcement. Spring-loaded door, protected handle and automatic locking system provide safety for an..."]},
{"head": ["Tomcat Rat and Mouse Bait"], "brand": ["Motomco"], "id": ["12152"], "description": ["Multiple-feeding bait for control of Norway rats, roof rats, mice and meadow voles in and around homes, commercial and agricultural buildings. Tomcat kills rodents in just 4-6 days. Contains 0.005%..."]},
{"head": ["Canine Spectra 5 Dog Vaccine"], "brand": ["Spectra"], "id": ["15270"], "description": ["Modified-live virus for the vaccination of healthy, susceptible dogs and puppies. Dosage: 1 ml IM or subcut; Puppies 9 weeks or younger - vaccinate at 3-4 week intervals until 16 weeks of age for a..."]},
{"head": ["Ultra Shield EX Horse Insecticide and Repellent"], "brand": ["Absorbine"], "id": ["13874"], "description": ["Weatherproof, sweat-resistant formula kills and repels biting and nuisance flies, gnats, ticks and mosquitoes. Stays active for up to 17 days. Non-oily, water-based repellent is pleasantly scented ..."]},
{"head": ["Durvet POWER Fly Spray & Wipe"], "brand": ["Pyranha"], "id": ["15594"], "description": ["Effective, ready-to-use aqueous base formulation repels and kills horse flies, other flies, mosquitoes, blacklegged ticks and Lone Star ticks including ticks that may cause Lyme disease. Non-oily s..."]},
{"head": ["Bug Check Feed Thru Fly Control Supplement for Animals"], "brand": ["Natural Horse Vet"], "id": ["14735"], "description": ["An oral, chemical-free feed supplement for natural insect control in horses, cattle, alpacas, sheep and goats. Helps reduce fly problems and enhance the animal's coat.Promotes and maintains healthy..."]},
{"head": ["Repel-X pe Horse Fly Spray"], "brand": ["Farnam"], "id": ["11350"], "description": ["Emulsifiable fly spray to be mixed with water for direct \r\napplication to horses and ponies. Provides protection from biting and \r\nbloodsucking flies, gnats and mosquitoes; repels horn, stable, hor..."]},
{"head": ["Just One Bite II Rat and Mouse Bait"], "brand": ["Farnam"], "id": ["14258"], "description": ["May be used in and around agricultural buildings only. Rats and mice may consume a lethal dose in one feeding with first dead rodents appearing 4-5 days after feeding begins. Do not place in areas ..."]},
{"head": ["Endure Fly Control for Horses"], "brand": ["Farnam"], "id": ["12258"], "description": ["Endure\r\n fly spray for horses provides repellency, quick knockdown and \r\nlong-lasting protection against horse, house, stable, face, horn, and \r\ndeer flies, gnats and mosquitoes. Also protects from..."]}
]